<?xml version="1.0" encoding="UTF-8"?>

<!-- Validator Comparator: 1) Eq for "=" 2) Nq for NOT EQUAL (!=,<>) 3) Gt 
	for ">" 4) Lt for "<" 5) GtEq for ">=" 6) LtEq for "<=" Global: global element 
	syntax = global:<Module Name>.<element tag> Ex: global:TestProc.PARTNER_ID -->

<page name="CassandraTest" class="scm.wm.lib.ApiHandler"> 
 
 
 
	<action name="Cassandra Dataset" apiname="" type="API" dbName="demodb" setglobal="yes" fields="" description="Test Distributor=null">
	
		<validator name="Step: Call Cassandra Database" description="Item Finder Assert Test">
			
			<sql name="q1" dbname="demodb"  globaldataset="yes">
								
				select *from test 
					
			</sql>	
			
			<assert name="Verify whether testresult return is " descriptor="VARCHAR" output="q1.viewdesc" lookuprow="*" value="Weather forcast" operator="Has" />	
					
		</validator> 
						 					
					
	</action>
	 

	
	<action name="Cassandra Junit Test" apiname="" dataset="global:query.q1" type="API" dbName="demodb" fields="" description="Test Distributor=null">	
		
	<validator name="Step-2: Run Junit Test" description="">			
					
			<junit name="Test scm.wm.samples.cassandra" >
				<testPackage name="scm.wm.samples.cassandra">					
					<testClass class="CassandraTest"></testClass>
				</testPackage>
			</junit>
			
			
	</validator> 
		
	</action>
	
	<action name="Cassandra TestNg Test" apiname="" dataset="global:query.q1" type="API" dbName="demodb" fields="" description="Test Distributor=null">	
		
	<validator name="Step-2: Run TestNg Test" description="">			
					
			<junit name="Test scm.wm.samples.cassandra"  handler="scm.wm.lib.TestNGHandler">
				<testPackage name="scm.wm.samples.cassandra">					
					<testClass class="CassandraTestNgTest"></testClass>
				</testPackage>
			</junit>
			
			
	</validator> 
		
	</action>
	
			
</page>



