<?xml version="1.0" encoding="UTF-8"?>

<!-- Validator Comparator: 1) Eq for "=" 2) Nq for NOT EQUAL (!=,<>) 3) Gt 
	for ">" 4) Lt for "<" 5) GtEq for ">=" 6) LtEq for "<=" Global: global element 
	syntax = global:<Module Name>.<element tag> Ex: global:TestProc.PARTNER_ID -->

<page name="JunitTest" class="scm.wm.lib.ApiHandler"> 
 
 
 
<action name="Test Junit" apiname="" type="API" dbName="demodb" fields="" description="Test Distributor=null">
		
	
	<validator name="Step-1: Find Order from order line" description="">
			
			<variables>	
				<var id="hrs" value="1/12" />				
			</variables>			
			<sql name="q1"  dbname="demodb"  description="Find Order No">
				select distinct order_no,created_dtm,current_status from order_line
						
    		</sql>
			
			
			<assert name="Verify OMS order line with Distributor=NULL" descriptor="VARCHAR"
				output="q1.order_no"  lookuprow="1" value="0" operator="Gt" />
			
	</validator>
	
	<validator name="Step-2: Run Junit Test" description="">			
			<variables>	
				<var id="msg" value="Global Message" />				
			</variables>			
			<junit name="Test scm.wm.samples.money" >
				<testPackage name="scm.wm.samples.money">
					<testClass class="QueryTest">
					 	<variables>	
							<var id="order_no" value="q1.order_no"  index="1"/>	
							<var id="localmsg" value="Local Message" />				
						</variables>
					</testClass>
					<testClass class="MoneyTest"></testClass>
				</testPackage>
			</junit>
			
			<assert name="Verify OMS order line with Distributor=NULL" descriptor="VARCHAR"
				output="@localmsg"  value="junit:localmsg" operator="Eq" />
			
	</validator>  
	
	
		
	</action>
	
			
</page>



