<?xml version="1.0" encoding="UTF-8"?>

<!-- Validator Comparator: 1) Eq for "=" 2) Nq for NOT EQUAL (!=,<>) 3) Gt 
	for ">" 4) Lt for "<" 5) GtEq for ">=" 6) LtEq for "<=" Global: global element 
	syntax = global:<Module Name>.<element tag> Ex: global:TestProc.PARTNER_ID -->

<page name="TestNgTest" class="scm.wm.lib.ApiHandler"> 
 
 
 
<action name="TC1" apiname="" type="API" dbName="customer" fields="" description="Test Distributor=null">
		
	
	<validator name="Step-1: Find Order from order line" description="">
			
			<variables>	
				<var id="hrs" value="1/12" />				
			</variables>			
			<sql name="q1"  dbname="customer"  description="Find Order No">
				select distinct order_no,created_dtm,current_status from order_line
						
    		</sql>
			
			
			<assert name="Verify OMS order line with Distributor=NULL" descriptor="VARCHAR"
				output="q1.order_no"  lookuprow="1" value="0" operator="Gt" />
			
	</validator>
	
	<validator name="Step-2: Run TestNG Test" description="">			
			<variables>	
				<var id="msg" value="Global Message" />				
			</variables>			
			<junit name="Test scm.wm.samples.money"  handler="scm.wm.lib.TestNGHandler">
				<testPackage name="scm.wm.samples.testng.money">
					<testClass class="QueryTest">
					 	<variables>	
							<var id="order_no" value="q1.order_no"  index="1"/>	
							<var id="localmsg" value="Local Message" />				
						</variables>
					</testClass>
					<testClass class="MoneyTest"></testClass>
				</testPackage>
			</junit>
			
			<assert name="Verify OMS order line with Distributor=NULL" descriptor="VARCHAR"
				output="@localmsg"  value="junit:localmsg" operator="Eq" />
			
	</validator>  
	
	
		
	</action>
	
	<action name="TC2" apiname="" type="API" dbName="customer" fields="" description="Test Distributor=null">
		
	
	<validator name="Step-1: Find Order from order line" description="">
			
			<variables>	
				<var id="hrs" value="1/12" />				
			</variables>			
			<sql name="q1"  dbname="customer"  description="Find Order No">
				select distinct order_no,created_dtm,current_status from wcu_line_item 
						where created_dtm>sysdate-20 and rownum=1
    		</sql>
			
			
			<assert name="Verify OMS order line with Distributor=NULL" descriptor="VARCHAR"
				output="q1.order_no"  lookuprow="1" value="0" operator="Gt" />
			
	</validator>
	
	<validator name="Step-2: Run TestNG Test" description="">			
			<variables>	
				<var id="msg" value="Global Message" />				
			</variables>			
			<junit name="Test scm.wm.samples.testng.money"  handler="scm.wm.lib.TestNGHandler">
				<testPackage name="scm.wm.samples.testng.money">
					<testClass class="*">
					 	<variables>	
							<var id="order_no" value="q1.order_no"  index="1"/>	
							<var id="localmsg" value="Local Message" />				
						</variables>
					</testClass>
					
				</testPackage>
			</junit>
			
	</validator>  
		
	</action>
	
	<action name="TC3" apiname="" type="API" dbName="customer" fields="" description="Test Distributor=null">
		
	
	<validator name="Step-1: Find Order from order line" description="">
			
			<variables>	
				<var id="hrs" value="1/12" />				
			</variables>			
			<sql name="q1"  dbname="customer"  description="Find Order No">
				select distinct order_no,created_dtm,current_status from wcu_line_item 
						where created_dtm>sysdate-20 and rownum=1
    		</sql>
			
			
			<assert name="Verify OMS order line with Distributor=NULL" descriptor="VARCHAR"
				output="q1.order_no"  lookuprow="1" value="0" operator="Gt" />
			
	</validator>
	
	<validator name="Step-2: Run TestNG Test" description="">			
			<variables>	
				<var id="msg" value="Global Message" />				
			</variables>			
			<junit name="Test scm.wm.samples.testng.money"  handler="scm.wm.lib.TestNGHandler">
				<testPackage name="scm.wm.samples.testng.money">
					<testClass class="CIUnitFunctional">
					 	<variables>	
							<var id="order_no" value="q1.order_no"  index="1"/>	
							<var id="localmsg" value="Local Message" />				
						</variables>
					</testClass>
					
				</testPackage>
			</junit>
			
	</validator>  
		
	</action>
	
	<action name="TC4" apiname="" type="API" dbName="customer" dataset="global:testng.CIFunctional" fields="" description="Test Distributor=null">
	
	<validator name="Step-1: Run TestNG Test" description="">		
			<variables>	
				<var id="msg" value="Global Message" />				
			</variables>				
			<junit name="Test scm.wm.samples.testng.money"  handler="scm.wm.lib.TestNGHandler">
				<testPackage name="scm.wm.samples.testng.money">
					<testClass class="*">
					 	
					</testClass>
					
				</testPackage>
			</junit>
			
	</validator>  
		
	</action>
	
	<action name="TC5" apiname="" type="API" dbName="customer" dataset="global:testng.CIFunctional" fields="" description="Test Distributor=null">
	
	<validator name="Step-1: Run TestNG Test" description="">		
						
			<junit name="Test scm.wm.samples.testng.money"  handler="scm.wm.lib.TestNGHandler">
				<testPackage name="scm.wm.samples.testng.money">
					<testClass class="*">
					 	
					</testClass>
					
				</testPackage>
			</junit>
			
	</validator>  
		
	</action>
			
</page>



